model,method_type,time_elapsed_sec,complexity,rmse,nme,mae,mse,mape,smape,grubbs,shape_similarity
predict_last_value,Naive Methods,4.9591064453125e-05,0,637.47,0.08,532.25,406362.68,0.08,0.08,0,6919.3
predict_mean,Naive Methods,3.933906555175781e-05,0,968.06,0.13,897.34,937141.41,0.15,0.14,0,11665.41
predict_random_walk,Naive Methods,0.00015020370483398438,0,868.73,0.1,714.4,754687.72,0.12,0.11,0,9076.13
predict_arima,Traditional Methods,0.05237460136413574,3,655.86,0.08,550.94,430157.43,0.09,0.08,0,7162.18
predict_theta,Traditional Methods,0.0001423358917236328,1,1989.0,0.28,1939.17,3956105.63,0.4,0.33,0,25209.2
predict_ets,Traditional Methods,0.0548243522644043,3,404.98,0.05,368.43,164006.03,0.05,0.05,0,4295.0
